{
    "faces":[43,0,1,2,3,0,0,1,2,3,0,0,0,0,43,19,14,6,13,0,4,5,6,7,1,1,1,1,42,5,1,9,0,8,9,10,2,2,2,42,6,2,13,0,11,12,13,3,3,3,42,7,3,15,0,14,15,16,4,4,4,42,4,0,10,0,17,18,19,5,5,5,42,11,3,7,0,20,21,22,6,6,6,43,0,3,11,10,0,18,21,20,19,7,7,7,7,42,2,6,14,0,23,24,25,8,8,8,43,3,2,14,15,0,15,23,25,16,9,9,9,9,42,1,5,12,0,26,27,28,10,10,10,43,2,1,12,13,0,12,26,28,13,11,11,11,11,42,0,4,8,0,29,30,31,12,12,12,43,1,0,8,9,0,9,29,31,10,13,13,13,13,43,9,17,12,5,0,7,32,33,34,14,14,14,14,43,12,17,28,24,0,35,36,37,38,15,15,15,15,43,4,10,16,8,0,39,40,41,42,16,16,16,16,43,18,15,27,31,0,43,44,45,46,17,17,17,17,43,19,13,25,30,0,47,48,49,50,18,18,18,18,43,8,16,29,20,0,51,52,53,54,17,17,17,17,43,11,7,15,18,0,55,56,57,58,19,19,19,19,43,13,12,24,25,0,59,60,61,62,20,20,20,20,43,28,30,25,24,0,63,64,65,66,21,21,21,21,43,20,29,28,21,0,67,68,63,69,22,22,22,22,43,22,23,31,29,0,70,71,72,68,23,23,23,23,43,29,31,30,28,0,68,72,64,63,22,22,22,22,43,31,27,26,30,0,72,73,74,64,22,22,22,22,43,17,9,21,28,0,75,37,76,77,24,24,24,24,43,10,11,23,22,0,78,79,80,81,25,25,25,25,43,11,18,31,23,0,82,75,83,78,26,26,26,26,43,14,19,30,26,0,84,85,86,87,27,27,27,27,43,16,10,22,29,0,60,88,75,89,28,28,28,28,43,15,14,26,27,0,79,90,91,92,29,29,29,29,43,9,8,20,21,0,93,94,95,96,30,30,30,30],
    "normals":[-5.37272e-15,-1,4.37317e-08,9.97198e-15,1,-4.67051e-08,1,5.72204e-06,4.27018e-07,-2.13509e-07,9.53674e-07,1,-1,-1.90735e-06,-2.13509e-07,2.13509e-07,3.8147e-06,-1,2.13509e-07,2.86102e-06,-1,2.51851e-07,3.33786e-06,-1,-1,-1.90735e-06,-1.06755e-07,-1,-2.38419e-06,-2.51851e-07,-4.27018e-07,-5.72205e-06,1,-2.51851e-07,-1.43051e-06,1,1,-4.76837e-06,4.27019e-07,1,4.76836e-07,1.5111e-07,1.85194e-14,1,-4.67051e-08,1,0,3.06919e-07,9.97197e-15,1,-4.3369e-08,2.4687e-07,-2.98023e-08,-1,-1,0,-2.43534e-07,8.54741e-15,1,-4.33691e-08,-5.36444e-06,0,1,2.38616e-13,1,-4.0033e-08,0,1,0,9.5446e-14,1,-4.0033e-08,-3.06919e-07,2.98024e-08,1,1.78814e-06,0,-1,-1,0,-2.13509e-07,-3.06919e-07,2.98023e-08,1,1,0,3.06919e-07,-1,-5.32909e-14,-1.78815e-06,1,0,5.36442e-06],
    "vertices":[9.2,-0.5,-9.2,9.2,-0.5,9.2,-9.2,-0.5,9.2,-9.2,-0.5,-9.2,9.2,0.5,-9.2,9.19999,0.5,9.20001,-9.2,0.5,9.2,-9.2,0.5,-9.2,9.2,0.5,-0.266661,9.2,0.5,0.266672,0.266669,0.5,-9.2,-0.266665,0.5,-9.2,0.266661,0.5,9.2,-0.266671,0.5,9.2,-9.2,0.5,0.266664,-9.2,0.5,-0.266667,0.266666,0.5,-0.266664,0.266664,0.5,0.266669,-0.266667,0.5,-0.266665,-0.266669,0.5,0.266667,9.2,1.5,-0.266661,9.2,1.5,0.266672,0.266669,1.5,-9.2,-0.266665,1.5,-9.2,0.266661,1.5,9.2,-0.266671,1.5,9.2,-9.2,1.5,0.266664,-9.2,1.5,-0.266667,0.266664,1.5,0.266669,0.266666,1.5,-0.266664,-0.266669,1.5,0.266667,-0.266667,1.5,-0.266665],
    "materials":[{
        "colorEmissive":[0,0,0],
        "shading":"phong",
        "colorDiffuse":[0.64,0.64,0.64],
        "DbgIndex":0,
        "doubleSided":false,
        "blending":1,
        "depthWrite":true,
        "specularCoef":50,
        "DbgName":"Material",
        "transparent":false,
        "opacity":1,
        "DbgColor":15658734,
        "depthTest":true,
        "visible":true,
        "colorSpecular":[0.5,0.5,0.5],
        "wireframe":false
    }],
    "metadata":{
        "faces":34,
        "vertices":32,
        "version":3,
        "uvs":1,
        "generator":"io_three",
        "normals":31,
        "type":"Geometry",
        "materials":1
    },
    "uvs":[[1.69597e-08,0.62245,0.284536,0.62245,0.284536,0.933675,0,0.933675,0.983505,0.848898,0.983505,1,0.845361,1,0.845361,0.848898,0.284536,0.311225,0.569072,0.311225,0.284536,0.462327,0.569072,0,0.569072,0.311225,0.430928,3.71009e-08,0,1.57679e-07,0.284536,0,5.0879e-08,0.151102,8.47983e-09,0.311225,0.284536,0.311225,0,0.462327,8.47983e-09,0.471348,0.284536,0.62245,8.47983e-09,0.62245,0.284536,0.311225,1.10238e-07,0.311225,3.39193e-08,0.160123,0.284536,0.311225,0.284536,1.02027e-07,0.42268,1.85505e-08,0.569072,0.62245,0.284536,0.62245,0.284536,0.471348,0.845361,1,0.707216,1,0.707216,0.848898,0.845361,0.848898,0.707217,0.848898,0.707217,0.537673,0.845361,0.537673,0.914245,0,0.914245,0.151102,0.776101,0.151102,0.776101,0,0.560825,0.933675,0.42268,0.933675,0.42268,0.62245,0.560825,0.62245,0.42268,0.933675,0.284536,0.933675,0.284536,0.62245,0.42268,0.62245,0.707216,0.537673,0.569072,0.537673,0.569072,0.226448,0.707216,0.226448,0.569072,0.848898,0.707216,0.848898,0.707216,1,0.569072,1,0.991753,0.848898,0.983505,0.848898,0.983505,0.537673,0.991753,0.537673,0.666755,0.113224,0.672587,0.119603,0.574904,0.226448,0.569072,0.220069,0.574904,0,0.672587,0.106845,0.569072,0.00637885,0.770269,9.27523e-09,0.776101,0.00637881,0.678418,0.113224,0.776101,0.220069,0.770269,0.226448,0.845361,0.537673,0.707217,0.226448,0.845361,0.226448,0.983505,0.226448,0.991753,0.226448,0.991753,0.537673,0.983505,0.537673,0.983505,0.537673,0.845361,0.226448,0.707216,0.848898,0.569072,0.848898,0.569072,0.537673,0.707216,0.537673,0.845361,0.848898,0.983505,0.537673,1,0.226448,1,0.537673,0.991753,0.537673,0.560825,0.62245,0.569072,0.62245,0.569072,0.933675,0.560825,0.933675]]
}